reviewId|userName|userImage|content|score|thumbsUpCount|reviewCreatedVersion|at|appVersion|sortOrder|appId|sentiment
19151a22-dd29-4cfb-8461-7b93b4a21a66|Um usu√°rio do Google|https://play-lh.googleusercontent.com/EGemoI2NTXmTsBVtJqk8jxF9rh8ApRWfsIMQSt2uE4OcpQqbFu7f7NbTK05lx80nuSijCz7sc3a277R67g|A vers√£o anterior era acess√≠vel aos leitores de telas para pessoa com defici√™ncia visual. Agora o aplicativo ficou inutiliz√°vel para pessoa com problema visual. O mesmo n√£o l√™ mais os cupons tendo que ativar todos para saber qual √© o cupom. Por favor ajustem isso. Ainda o aplicativo continua inacess√≠vel hoje j√° √© dia 2 que atualizaram e ainda nada üòûüòûüòû|1|3729|2.17.2|2019-10-05 18:40:22|2.17.2|most_relevant|com.mcdo.mcdonalds|-1
501e3a81-921a-4a84-96dc-705c54ce9d9e|Kiki97 -Takashima|https://play-lh.googleusercontent.com/a-/ALV-UjWWpa3KEG2CbsezL4foylCY5apGcPlu-VkX7PVzgOamyhU|O app em si n√£o tem nada demais, o problema mesmo √© o suporte quando o pedido tem algo errado, NUNCA pe√ßam delivery pq se n√£o vier algo n√£o tem como entrar em contato com o estabelecimento pra resolver de maneira SIMPLES, vc tem que preencher um formul√°rio e aguardar SETE DIAS pra tentar resolver. Meu pedido tinha tr√™s refrigerantes ,s√≥ veio dois e ainda um deles veio o sabor errado. P√©ssimo atendimento!|1|8|3.35.2|2023-12-03 02:16:47|3.35.2|most_relevant|com.mcdo.mcdonalds|-1
663096f8-6a5c-4624-bcb2-5aeee3174d1b|Leonardo Leardini|https://play-lh.googleusercontent.com/a/ACg8ocI14-Dmc8wB9I-QJHHRMVlHuk59P54DlECNmKkCVTag=mo|N√£o existe suporte imediato por pedido incorreto! Eles terceirizam a entrega pelo ifood, mas cobram mais caro do que a plataforma terceirizada, compensando mais pedir pelo ifood. Se arrependimento matasse... Agora esperar a resposta de SETE DIAS, pelos itens que n√£o recebi, se ir√£o reembolsar ou n√£o. Que p√©ssima experi√™ncia.|1|26|3.35.2|2023-11-30 00:03:44|3.35.2|most_relevant|com.mcdo.mcdonalds|-1
64251c11-819d-42e0-8455-8ce88a12b32d|Leonardo|https://play-lh.googleusercontent.com/a-/ALV-UjVxO4Wr-mkD0y_imb6-BVWOdyQSwwoTOTd8tUWwHdM4aDDN|Est√° muito bom. O delivery funciona sem problemas. Mas vou dar nota baixa, pois recebo cupons de desconto, mas n√£o posso usar. Nenhuma loja onde moro aceita. Deviam obrigar todas as lojas a aceitarem ou parar de enviar no app algo in√∫til. E estas pontua√ß√µes servem para o q? Provavelmente ser√° in√∫til onde moro.|1|6|3.35.2|2023-12-04 12:38:59|3.35.2|most_relevant|com.mcdo.mcdonalds|-1
9395b096-419d-4a2b-8a06-1fe8a07cf58e|Natali Nascimento|https://play-lh.googleusercontent.com/a-/ALV-UjWtdzySShPDyynwt8g-O1eplPUsHJlUcx94HExQjRefAfw|"P√©ssimo!! O aplicativo n√£o funciona corretamente. Quando clicamos em ""Meus pedidos"" n√£o √© poss√≠vel acessar o hist√≥rico de pedidos que j√° foram feitos por mim. Ele abre a op√ß√£o de ""Pe√ßa e retire"" ou ""Mc delivery"". Sem contar a burocracia pra ter um reembolso que √© por direito. J√° fazem quase 2 meses que estou tentando preencher um formul√°rio horr√≠vel que s√≥ d√° erro. Estou bem desapontada."|1|1024|3.35.0|2023-11-06 18:26:19|3.35.0|most_relevant|com.mcdo.mcdonalds|-1
4879ade4-6d72-4794-9e61-5a5dcffa91bf|J√©ssyca Azevedo|https://play-lh.googleusercontent.com/a-/ALV-UjUU68jInoKEBBEK7HeFYpf4WYzw83xm_KCBwfB3AW9JoQM|O pe√ßa e retire trava, o mc delivery d√° que todos os produtos est√£o indispon√≠veis, at√© casquinha. Na minha regi√£o tem 3 restaurantes, √© ruim n√£o poder escolher de onde vem o pedido, porque as vezes um t√° fechado e o outro n√£o. O app tamb√©m trava se usar vpn.|2|0|3.36.0|2023-12-03 02:01:12|3.36.0|most_relevant|com.mcdo.mcdonalds|-1
e06485a5-0d9b-43c5-9526-72cd5d9ed9e9|Gabriel D Avelly Garcia|https://play-lh.googleusercontent.com/a-/ALV-UjU_fgo56Pn6pXTInM1MGuNVsOzB-rbXj4toSkOtEzIpso_d|A parte do Meu M n√£o funciona direito, o menu de pedidos abre em cima sozinho e sobrep√µe. Al√©m disso, o pagamento via app me roubou uma vez, e n√£o me reembolsaram. O atendimento √© t√£o ruim nos outros canais (whatsapp por exemplo) que simplesmente desisti de rever meu cerca de 30 reais. Podem ficar com eles, mas gra√ßas a isso, nunca mais pago via app e recomendo a todos que conhe√ßo a jamais pagarem pelo app.|2|201|3.35.2|2023-11-20 16:40:09|3.35.2|most_relevant|com.mcdo.mcdonalds|-1
7698ab1b-2dbb-4133-961d-2e827e07be2d|Natalia Passos|https://play-lh.googleusercontent.com/a-/ALV-UjUQFhlCK7ie54GJ4ZYrV-SqA67e8vu3WHSWN4Z4x8RnxeTS|Simplesmente ofere promo√ß√µes disponibilizando bons combos pagando com google pay mas independente da conta (fiz n√£o s√≥ pelo meu app, mas outras pessoas tamb√©m da fam√≠lia, em outros aparelhos) e n√£o deixa concluir a compra. Uma decep√ß√£o.|2|2|3.35.2|2023-12-02 00:28:28|3.35.2|most_relevant|com.mcdo.mcdonalds|-1
33e26c0a-5bf1-47dc-b578-59b4d7b60704|Fernanda Ramos|https://play-lh.googleusercontent.com/a-/ALV-UjWmfUb_q-NeSPvtW8JgfylqoJTR-VhiqYLgPi8h39gYI74|Realmente √© um app muito ruim. S√≥ emite cupons para um restaurante, o que vc cadastrou primeiro, e √© imposs√≠vel mudar. Ent√£o se tem dois mcs que vc frequenta, s√≥ conseguir√° emitir cupom para um e, quando em viagem, √© imposs√≠vel emitir cupons para o restaurante que est√° na sua frente no momento.|2|191|3.35.2|2023-11-16 00:25:58|3.35.2|most_relevant|com.mcdo.mcdonalds|-1
75253a4c-084f-43c1-b390-6d749176bfc8|Leandro Dos Santos|https://play-lh.googleusercontent.com/a-/ALV-UjUbPR3PwUKzswmLiYX59yPqkBDjl0vC8X9viL_2o7ZcdvO1|"O app √© extremamente ruim no que tange a localiza√ß√£o de endere√ßo. Mesmo um endere√ßo cadastrado, voc√™ n√£o tem certeza de que a compra dar√° certo, pois ele se perde dizendo que vc est√° longe da √°rea de entrega e depois dentro da √°rea. ""usar localiza√ß√£o atual"" n√£o serve pra nada, pois o mapa fica parado."|2|129|3.35.2|2023-11-24 21:27:34|3.35.2|most_relevant|com.mcdo.mcdonalds|-1
ba753684-76e9-48fb-884c-fdfe5a39b1de|Bruno Ibarra|https://play-lh.googleusercontent.com/a-/ALV-UjXfCks1-8PYm0W0aVjAWQovUkFYbCdp1lmNeNEM_bBI_X4|O app trava demais, al√©m de erros toscos quando se seleciona a forma de pagamento no cart√£o de cr√©dito (mesmo tendo um salvo, o app tende a travar e abre espa√ßo para inser√ß√£o de dados de um novo cart√£o). Nem parece um app de marca global e cheia de recursos! Uma melhoria de atendimento: oferecer milkshakes entre as op√ß√µes de bebidas dos combos. Muitas vezes deixo de consumir pelo app s√≥ pela limita√ß√£o imposta na montagem de meus combos favoritos.|3|527|3.35.2|2023-11-20 21:08:38|3.35.2|most_relevant|com.mcdo.mcdonalds|0
3284dde3-0bd4-4d2e-b4e2-d4911546fee0|Lorraine Affonso|https://play-lh.googleusercontent.com/a/ACg8ocJvlz9U1Huc6Oy5G5ZviwsF3GSsCWPwWm3zvyEk83R8=mo|N√£o √© muito pr√°tico em quest√£o de usabilidade, mas √© um bom app. Algo que √© p√©ssimo e n√£o d√° para remover √© o pop up a todo momento solicitando ligar o GPS para tudo que se clica no app. Sempre compro no mesmo lugar e n√£o tenho a necessidade de utilizar a localiza√ß√£o, mas n√£o me permitem fazer nada sem que apare√ßam no m√≠nimo 5 vezes solicita√ß√£o para ligar o gps. E n√£o h√° uma forma de verificar os pontos recebidos pois n√£o h√° extrato dos mesmos.|3|57|3.35.2|2023-11-30 02:52:38|3.35.2|most_relevant|com.mcdo.mcdonalds|0
1522c29c-bf43-4a12-aec2-d12ce514437d|Renan Noda|https://play-lh.googleusercontent.com/a/ACg8ocL3GQzHRmMGEzSYZObfcY5SkmkB9psmhG0qd9deaQjY=mo|Promo√ß√µes boas, mas sinceramente... melhor descontinuar esse app. Demoram 2 horas para entregar, enquanto levam menos de 30min se √© pedido via iFood.. tratam o proprio app como segundo plano. Sem contar a dificuldade de rastrear algo|3|5|3.35.2|2023-11-26 01:22:28|3.35.2|most_relevant|com.mcdo.mcdonalds|0
6a1af351-67a5-4be7-aa0d-f5cae84edbe0|Kharen Maggiorini|https://play-lh.googleusercontent.com/a-/ALV-UjXAgNMbQHLYOaJj8p-pqWsh1BqT31Jff1ZeFgzTBtt0uFRu|Eu gosto do McDonald's, por√©m vou falar sobre o app, n√£o tem como pedir sach√™ de catchup e de mostarda, o aplicativo simplesmente sumiu com mais de 30 mil pontos meus e NUNCA houve uma satisfa√ß√£o ou estorno, e hoje sumiu mais 12 mil pontos. Me sinto no Brasil comprando no McDonald's da Calif√≥rnia sei l√°, pois em quest√£o de app √© a Deus dar√°, n√£o tem contato com a loja que estamos fazendo o nosso pedido, um chat de atendimento e encerramento como √© em grandes empresas como Ifood por exemplo.|3|1|3.35.2|2023-11-25 00:26:49|3.35.2|most_relevant|com.mcdo.mcdonalds|0
26c26865-4c3e-4cc9-a5ba-70071b8dc011|Feeh Fernandes|https://play-lh.googleusercontent.com/a-/ALV-UjVussQ3zqSFh0FaosHPVri9IROophO1A5OhvgBipg-NKLs|Hoje dia 03/11/2023 resolvi comprar um combo do cheddar melt pelo aplicativo e pra mim a experi√™ncia foi p√©ssima referente ao que pedi. O hbutguer veio frio , a carne meio que passou do ponto e o cheddar ? Quase n√£o tinha. Botaram s√≥ um tiquinho de nada. E o pior que estava no trabalho cheia de fome .|3|0|3.35.2|2023-12-03 18:16:33|3.35.2|most_relevant|com.mcdo.mcdonalds|0
14ef93dd-54ce-4a60-b262-d1e2b57d3c30|Ronaldo Branco|https://play-lh.googleusercontent.com/a-/ALV-UjXstEg9pC2euM-LKLCX8TP85YPigrycRCiOWRQy_kPV6Q4|precisa melhorar bastante, pois vc compra e paga pelo App e ao chegar na loja para pegar o pedido, √© informado que precisa passar no caixa para tirar a nota e fazer novamente o seu pedido que entra na fila de pedido normal da loja, ou seja, n√£o te adianta em nada.|3|2|3.35.2|2023-11-28 00:06:20|3.35.2|most_relevant|com.mcdo.mcdonalds|0
f5905a52-0b63-49a8-a476-3f495aed64cf|Cacau Almeida Berbel|https://play-lh.googleusercontent.com/a/ACg8ocJI1h9tj3UCyyfwoK7sy9eO5ENZIoatODH5UETmaLra=mo|O pedido chegou , infelizmente, errado. N√£o embalaram os refrigerantes e nem o sundae. O rapaz que fez a entrega prontamente ofereceu o retorno de todo o pacote ao restaurante e , cerca de 15 minutos ap√≥s, ele j√° estava com o pedido correto em minha resid√™ncia. Apesar do erro, no final deu tudo certo.|3|2|3.35.2|2023-11-20 18:09:18|3.35.2|most_relevant|com.mcdo.mcdonalds|0
618a0be1-fc14-4091-ba0e-d0a162333a37|Ludmila Costa|https://play-lh.googleusercontent.com/a-/ALV-UjXwLnWYqip1HVSPhlDiFDXuxSxqKIS2DaP3jyl_iIWf-MM|Ol√°, o App est√° com um probleminha coloquei o pagamento no d√©bito e foi cr√©dito. Segunda vez que isso acontece.|3|1|3.35.2|2023-12-01 20:14:01|3.35.2|most_relevant|com.mcdo.mcdonalds|0
ebe13729-2942-407f-9071-e791c7284a13|Miguel Rodrigues|https://play-lh.googleusercontent.com/a-/ALV-UjWZgJcA1W5pLLbMMRp-gq9iALnk-_4ZtQYv_XWWn9p91w|P√©ssimo. Fui completar o pedido os sabores de hamburguer desapareceram e nn pude mais completar o pedido no caso o big Mac, quarteir√£o e mchiken nn apareciam mais no combo nem em pedidos separados|3|1|3.35.2|2023-11-27 00:36:42|3.35.2|most_relevant|com.mcdo.mcdonalds|0
caa2d8d0-b5a8-4099-a9bb-308a82b13f55|Anna Beatriz Montoya|https://play-lh.googleusercontent.com/a/ACg8ocITUZ4X7wOKRBqf8ssbBvxgnD8eWaJ_gSopH1KN5QR2=mo|a interface √© um pouco desorganizada. o App trava com alguma frequ√™ncia.|3|1|3.35.2|2023-12-02 03:16:47|3.35.2|most_relevant|com.mcdo.mcdonalds|0
5d5f7f4d-a31e-424b-be35-5da37d446caf|Juliana Prestes Mancuso|https://play-lh.googleusercontent.com/a-/ALV-UjXrl3qxFrP0B8_gSZ-mQJ1k052cqEA5iZXJ_8oSkRN_shm7|Aplicativo muito bom. At√© agora nenhuma cr√≠tica negativa, tudo que procuro tem. Boas ofertas e descontos. Para melhorar, poderia conseguir copiar o cupom de desconto para pedidos Delivery ou poder escolher no ato da compra. =) Mantenho a avalia√ß√£o anterior, por√©m n√£o estou conseguindo me cadastrar no fidelidade.|4|394|3.34.0|2023-10-31 14:32:49|3.34.0|most_relevant|com.mcdo.mcdonalds|1
5ed62dfa-d74b-48ab-ab0f-78bb5df696e9|Raynara Soares|https://play-lh.googleusercontent.com/a-/ALV-UjWH5Gsf2NuvzjPExf9T7RQzBfYYrsLSLV2iZ9QLm6_o4WA|App at√© que bom m√°s aconteceu uma coisa muito chata comigo comprei um pedido no valor alto e n√£o chegou nada do que eu pedi e n√£o consegui pedir reembolso e nem reclamar com ningu√©m isso e umafalta de respeito isso|4|0|3.35.2|2023-11-24 22:05:56|3.35.2|most_relevant|com.mcdo.mcdonalds|1
d0dd3087-37cc-4eed-a481-b57e2408f6cc|Diego Souza|https://play-lh.googleusercontent.com/a-/ALV-UjVyo5RnPtbT8QL5tXCdeKbUgkroB2oFfy3QyApf8u1oWVTM|Muito bom. Mas j√° tive uma entrega com item faltando e fiz todo o procedimento solicitado enviando as evid√™ncias e n√£o obtive retorno. ent√£o confira sempre o pedido na entrega!|4|6|3.35.0|2023-11-14 15:09:08|3.35.0|most_relevant|com.mcdo.mcdonalds|1
eaab172f-5041-4d25-b8cc-e8afc3a11f80|Lucas Araujo|https://play-lh.googleusercontent.com/a-/ALV-UjUqdfv41UG-Z6EFmnq1MdfUDFbtFGfW-bJRRPwCtmbbba-H|Aqui na minha cidade, se eu compro pelo App, eu tenho q ir na fila do caixa para confirmar o pedido, mesmo no app dizendo que o produto j√° est√° em prepara√ß√£o... ou seja, mesmo comprando pelo app para n√£o pegar fila, eu tenho que ir na fila... AAAHHHH|4|29|3.33.0|2023-10-02 00:27:38|3.33.0|most_relevant|com.mcdo.mcdonalds|1
a7a442ef-c258-4c8d-bbae-bbdf36873918|Elvis Capriata|https://play-lh.googleusercontent.com/a-/ALV-UjUaOI0DWnmbbXyYMu4kOQjZRQnKNspPY3vXES1lXtxRoA|Venho reescrever isso. O aplicativo agora funciona normalmente. No entanto, ainda √© um pouco lento na √°rea de encontrar restaurantes na regi√£o. Se eles puderem melhorar isso. Les dou um 5.|4|29|3.33.0|2023-10-09 03:06:34|3.33.0|most_relevant|com.mcdo.mcdonalds|1
09cc0cea-b87a-4e78-9475-718e515b0f54|Paulo de Tarso Dias vilar|https://play-lh.googleusercontent.com/a/ACg8ocKNtf1WKE8xDUW9xKD3_17T0UTEg8yo_7dz_kX9snKz=mo|esse APP √© horr√≠vel, nada pr√°tico dei 5 estrelas pelo atendimento. vcs n√£o deveriam pensar s√≥ no p√∫blico jovem que tem habilidades para lidar com esse APP. tenho outros de fast-food e n√£o s√£o t√£o complexos e complicados , affff|5|0|3.35.2|2023-12-01 21:37:22|3.35.2|most_relevant|com.mcdo.mcdonalds|1
b049d801-fb24-4d97-81b6-4126c9a41394|Antonio Pedro|https://play-lh.googleusercontent.com/a-/ALV-UjV0BmUAxP3X3hxbharwVtKQiE0xJV9EgCYt9vs4Yix9mEU|O aplicativo evoluiu muito e j√° n√£o √© mais uma meta vitrine para cupons. Agora da pra fazer os pedidos direto pelo app, e sai mais barato que pedir pelo aplicativo do iFood.|5|3|3.35.2|2023-11-24 23:56:46|3.35.2|most_relevant|com.mcdo.mcdonalds|1
858dab2f-3c9b-480f-9f1a-b130f5aa35ee|Juliane Faria|https://play-lh.googleusercontent.com/a/ACg8ocK7QHknQb9xOYxj83UBxGxkeQmhrS1z4YVNS1Op3pTo=mo|embora pra mim este sistema de comprar atrav√©s de m√°quinas , n√£o √© bacana! pois tira o emprego de muitos! as meninas que me atenderam e ajudaram a utilizar o sistema foram Excelentes!|5|5|3.35.2|2023-11-20 16:08:08|3.35.2|most_relevant|com.mcdo.mcdonalds|1
28109cf3-892e-4730-8671-14bb6d87c559|Gutta_7347|https://play-lh.googleusercontent.com/a-/ALV-UjWCPi8qw7qb6qMvP1cOBhrLNAfXIXa3VqR4rFfv_MOugIA|Tem umas promo√ß√µes bem top, vale muito mais a pena comprar com as promo√ß√µes do app do que direto pela loja!|5|0|3.35.2|2023-12-01 16:28:33|3.35.2|most_relevant|com.mcdo.mcdonalds|1
c2decc85-062f-475f-8d5d-3534c8f193df|Alex DB|https://play-lh.googleusercontent.com/a/ACg8ocJT2PqerIqeDUFsGzBG_2MFsF_rva5WnGJsLophW_JX=mo|O aplicativo √â √ìTIMO! Nunca fui t√£o bem atendido em t√£o pouco tempo! Sugiro que vcs destaquem a barra de rolagem horizontal no tipo da tela, est√° quase impercept√≠vel! Valeu!|5|31|3.33.0|2023-10-08 19:09:52|3.33.0|most_relevant|com.mcdo.mcdonalds|1
29b950cd-0d35-4fcc-ada8-14fbd59d2b5b|Lenon Rangel|https://play-lh.googleusercontent.com/a-/ALV-UjXceV7xWKmTTuD_UE6l2u-Irf_e-5yzrdSDOp7KHUcoRE4|Um dos piores aplicativos que eu j√° utilizei. Precisa melhora muito, mas muito para ser um APP razo√°vel. Lento, in√∫meras fun√ß√µes que n√£o funcionam, uma demora infinita para assimilar os pedidos, confirma√ß√£o de pagamento de quase 10 minutos, e olha que foi via pix, nunca havia presenciando tal demora. Enfim, √© mais vantagem se dirigir at√© uma unidade do que pedir via APP. P√©ssimo.|1|24|3.10.8|2023-11-12 20:15:55|3.10.8|most_relevant|habibs.alphacode.com.br|-1
b10dcdc0-b70e-485e-9a98-3db5fc0040f6|Mike Anderson|https://play-lh.googleusercontent.com/a-/ALV-UjVd4Z80GV6YUG85PWRqTQJHoUqFl0ZEqN5YvRNhZDM5SQ|Aplicativo precisa melhorar e muito. N√£o me permite colocar op√ß√£o pra pagar na entrega, a√≠ acabo de fazer uma compra por pix, fa√ßo o pagamento, quando volto pro aplicativo n√£o acontece nada, e o dinheiro foi transferido, quando se tenta usar voucher parece que ele buga a compra e n√£o acontece nada. Fora os canais de atendimento, esses rob√¥s est√£o precisando de atualiza√ß√£o, se n√£o escreve o q ele quer entra em um loop infinito e acaba n√£o te ajudando em nada.|1|18|3.10.9|2023-11-25 00:00:36|3.10.9|most_relevant|habibs.alphacode.com.br|-1
44945bdc-1342-422f-9d7f-c79f65e2ca83|Rafael Braga|https://play-lh.googleusercontent.com/a/ACg8ocLXv6OBP901c4TPQeeHsryn3ZUey2g7LsLO3HYyXfsh=mo|Pensa num app ruim. Tem que adicionar v√°rias vezes um item no carrinho e demora 30 segundos por item, as vezes falha. O login levou minutos(tenho uma √≥tima Internet e um celular bem ok), depois de muito tempo consegui fechar o pedido. Embora tenha tido propaganda de frete gr√°tis se adicionasse um item, n√£o recebi esse benef√≠cio. Pagamento via pix realizado na hora. O tempo para confirmar o pgto acabou e o app n√£o reconheceu. N√£o vejo meu pedido em lugar algum e n√£o sei se algu√©m vir√°. Parab√©ns!|1|10|3.10.9|2023-11-21 23:19:50|3.10.9|most_relevant|habibs.alphacode.com.br|-1
0b2c6151-ee6b-4ed7-8556-d820fc258a8b|Rivelton Silva|https://play-lh.googleusercontent.com/a/ACg8ocLl9MnZN7byH-Yt0Uv1GeJZEHrGl2g0sQnbS7Nu9yJB=mo|Baixei o app para fazer um primeiro pedido, mas √© cheio de bug. O suporte √© pior ainda, porque manda resposta padr√£o pedindo para enviar mais detalhes por e-mail. A√≠ a gente envia e n√£o resolve nada. No app, na hora de pagar, n√£o aparece o cart√£o cadastrado. Sa√≠, desinstalei e entrei novamente, mas n√£o resolveu. Um dos piores apps que j√° usei. Cansei, desinstalei de vez. Perdeu cliente.|1|6|3.10.8|2023-11-06 21:49:02|3.10.8|most_relevant|habibs.alphacode.com.br|-1
d269e66c-376b-4f4d-81ff-983f2ab94d84|Isaac Concei√ß√£o|https://play-lh.googleusercontent.com/a/ACg8ocJY1r-onbITVHOPJ5dcNn1SJYUag5k0BJn26_7viM0-YVM=mo|"Habibs, tem um app no seu bug. O app involui a cada update. J√° fazem umas 4 vers√µes que n√£o consigo mais adicionar item no carrinho. Zero otimiza√ß√£o de desempenho, comunica√ß√£o hiper lenta com os servidores. Nunca d√£o certo as tentativas de pagamento online. A coisa t√° √© feia, viu. @edit: 1 ano depois resolvi dar uma chance pro Habib's e usar o app, pediu pra atualizar e eu imaginei que dessa vez seria melhor, mas atualizou para incluir o bug ""UF √© obrigat√≥rio"". ü§°"|1|48|3.10.8|2023-10-20 23:44:12|3.10.8|most_relevant|habibs.alphacode.com.br|-1
8ffd2f23-5d61-4d8b-b371-b723598239ec|Nestor dos Santos|https://play-lh.googleusercontent.com/a-/ALV-UjVTFNsVR2OOH4RyUgUNJC6-V1cCPmXlxq7jlTcDaeqwGQ|M√©todos de pagamento confusos e n√£o funcionais... O que atrapalha e muito a utiliza√ß√£o do aplicativo. Quanto aos cupons deveriam deixar a op√ß√£o de pagamento via Master Card por √∫ltimo, pois ele se mistura aos outros cupons e acaba por fazer demorar o processo de pagamento e chegada do pedido. N√£o aceita o pagamento via cart√£o de d√©bito, n√£o reconhece quando pagamos via Pix (e os restaurantes ainda acham ruim eu ligar) sim, fui eu quem tive todos esses problemas com o aplicativo s√≥ nessa conta...|2|0|3.10.6|2023-08-12 20:32:58|3.10.6|most_relevant|habibs.alphacode.com.br|-1
fee09a5e-5397-468b-b533-ab624b31f348|GUARDIAN APP|https://play-lh.googleusercontent.com/a-/ALV-UjVWOFZAkqRz9a0VfNnU5X_2e7WiB18SjJzrPSVwEw2xnA|Chato de usar, n√£o necessita enviar no e-mail. Envio aqui mesmo! O app √© chato por quest√µes de designer, os itens ficam muito pr√≥ximos um sobre o outro, os valores ficam sobre os itens muitas das vezes dificultando a visualiza√ß√£o, as orienta√ß√µes como utiliza√ß√£o dos cupons e texto s√£o muito pequenas trazendo o desconforto na leitura. Outro ponto √© o mesmo poupup de promo√ß√£o aparecendo toda vez que √© navegado para a home sendo que ao fechar a mesma promo√ß√£o est√° em destaque √â um app chato de usar!|2|12||2023-07-26 12:13:55||most_relevant|habibs.alphacode.com.br|-1
8a4b88ca-5f96-4902-8eea-94cc77342443|Um usu√°rio do Google|https://play-lh.googleusercontent.com/EGemoI2NTXmTsBVtJqk8jxF9rh8ApRWfsIMQSt2uE4OcpQqbFu7f7NbTK05lx80nuSijCz7sc3a277R67g|As promo√ß√µes s√£o √≥timas, mas o tanto que d√° problema n√£o d√° pra descrever, j√° fiquei tanto na m√£o por causa dele, chamar amigos, fam√≠lia e app n√£o funcionar, passar tanto tempo escolhendo, pra n√£o conseguir finalizar o pedido, n√£o conseguir cadastrar o cart√£o ou mudar a op√ß√£o de pagar na entrega, e no fim, sempre tenho que mudar pra outra plataforma ... Espero que isso se conserte, gosto bastante do app, mas por essas e outras, deixo de escolher esse restaurante!|2|183|0.0.87|2020-04-01 00:12:49|0.0.87|most_relevant|habibs.alphacode.com.br|-1
b3bb002e-461f-4f04-bf71-44788f9b03ff|Alexandre Feij√≥ Lopes|https://play-lh.googleusercontent.com/a-/ALV-UjU9J924h23qtfVGDndtRSiHq6fbz9DuedhmT6US75aRIx-C|Elogio as promo√ß√µes, elogio tamb√©m a entrega que foi bem r√°pida; por√©m, o app apesar de apresentar um bom design de interface √© muito inst√°vel, apresenta um load que fica carregando por longo tempo que, √†s vezes, informa que houve problemas de comunica√ß√£o pedindo para tentar novamente mais tarde; ou chega a cair ou quando n√£o trava... A funcionalidade do app deixa muito a desejar. Pode ser melhorado.|2|83|3.8.5|2022-08-07 22:10:44|3.8.5|most_relevant|habibs.alphacode.com.br|-1
5f401710-d99b-435f-97a5-10a4bf4ae279|Aline Rigon|https://play-lh.googleusercontent.com/a-/ALV-UjW5rY1CTkseUhIs91SBtrqtgpDfslM2ik9X8FnlA8CTaw|"O app tem uma estrutura boa, mas d√° muitos ""paus"". Por exemplo, o popup de responder a pesquisa aparece o tempo todo, um em cima do outro, vc responde a pesquisa toda mas o bot√£o de ""enviar"" n√£o habilita. O app exige pagamento por cart√£o de d√©bito para algumas ofertas, mas da pau e n√£o efetua o pagamento... Tem que ter paci√™ncia pra usar..."|2|226|3.10.4|2023-05-27 22:11:56|3.10.4|most_relevant|habibs.alphacode.com.br|-1
4be1ac80-a110-417e-bab1-3451d3445cd7|Isabel Cecilia|https://play-lh.googleusercontent.com/a-/ALV-UjVz9TD9nCHhN2OT6yowjJesYIJsE4Ajbcw1Oa5A8jaVKQvi|O aplicativo √© mto bom, mas n√£o ter a op√ß√£o de falar com o restaurante √© horr√≠vel. Sem contar que as formas de pagamento nunca atualizam. Fiz um pedido e fiquei mais de 30min esperando, pra no final, aparecer mto tempo depois (quando eu abri o app) que o valor do pagamento havia sido estornado e eu estava esperando o pedido h√° quase o tempo que me apareceu na tela que demoraria pra chegar na minha casa. ü§°|3|0|3.10.10|2023-12-02 04:36:24|3.10.10|most_relevant|habibs.alphacode.com.br|0
08dc9c24-48c6-40e8-93a3-d43853f0db18|Edna Cristina Fernandes|https://play-lh.googleusercontent.com/a/ACg8ocIlsFFjOyl4-tu2Qr_iPGD0f7GNf4TmLAR4PT5_FOC7=mo|As condi√ß√µes promocionais s√£o boas, por√©m o aplicativo apresenta um um bug desde o ano passado e n√£o √© corrigido. Caso voc√™ tenha dois endere√ßos cadastrados (X e Y) e voc√™ pede para entregar no endere√ßo X, o aplicativo envia para o Y. E caso pe√ßa para entregar no endere√ßo Y, ele envia para o X. Infelizmente, j√° passei por esse problema umas 5 vezes. Se corrigissem esse erro, o app vai ser √≥timo.|3|14|3.10.8|2023-09-15 22:20:52|3.10.8|most_relevant|habibs.alphacode.com.br|0
bff62a4d-fb3f-483e-a2d0-b94ec52d1dcf|Icaro Rodrigues|https://play-lh.googleusercontent.com/a/ACg8ocJ2ByLS7-suZ2Arzy78JaG74rQYwg5nOgods4IV0wdH=mo|O app tem um design novo, limpo e bem confort√°vel, tudo isso s√£o pontos positivos. Por√©m, os constantes delays nas confirma√ß√µes, erro ao reabrir o app durante um pedido, n√£o permitir visualizar mais detalhes e descri√ß√µes do pedido na √°rea relacionada, e n√£o notificar a mudan√ßa de status do pedido s√£o problemas s√©rios. Tem muito potencial, s√≥ precisa se espelhar na concorr√™ncia e lapidar melhor a experi√™ncia.|3|47|3.7.6|2021-10-11 00:46:24|3.7.6|most_relevant|habibs.alphacode.com.br|0
dbbd1c3f-2381-4c45-9774-caf56075c154|Marcus Xavier Costa Jr|https://play-lh.googleusercontent.com/a-/ALV-UjXUUD0pFgCmzbq5r2JM4sFFAKFOw_ZRjM8bB7s79CDnxop4|Bom, pelo menos o funcionamento est√° um pouco mais fluido. Mas t√° dif√≠cil fazer um aplicativo 100%, fui pedir as esfirras de espinafre, que aparecem como 3,90, e no pre√ßo final apareciam como 4,20. N√£o conferi se em outras acontece o mesmo erro, mas pra quem vai pedindo e esquece de olhar o valor final, √© uma surpresinha desagrad√°vel, n√©...|3|1|3.8.6|2022-09-09 21:20:30|3.8.6|most_relevant|habibs.alphacode.com.br|0
c6c28771-6824-41be-bbef-80effe529ddb|Yasmim Campello|https://play-lh.googleusercontent.com/a-/ALV-UjUWry-7tOkaEzy5AGO360_VqjDbsSSBjU74tSFvr_queuY|O app sempre tem seus bugs que depois de fechar e abrir novamente d√° pra reverter... Mas desde essa √∫ltima atualiza√ß√£o n√£o consigo mais pedir delivery! Na etapa de selecionar forma de pagamento o campo fica todo branco sem op√ß√£o para selecionar, n√£o podendo prosseguir mais com o pedido.. J√° enviei email falando sobre e ainda n√£o obtive resposta tamb√©m!|3|3|3.9.2|2022-10-12 15:42:58|3.9.2|most_relevant|habibs.alphacode.com.br|0
25774191-d2b8-4525-b652-ef4bf851c743|Lucas de Jesus Santana|https://play-lh.googleusercontent.com/a-/ALV-UjUABMA-PispfAkVf0RO3erHpOernfdG1EvRHg0y1TDySTY|O aplicativo em si at√© que √© bom, bonito, mas fica devendo informa√ß√µes ao cliente; j√° ajudaria DEMAIS, se avisasse por exemplo, que combos est√£o dispon√≠veis, e pouparia de ficar irritado com a empresa... Outra coisa: se vc precisar pagar com mais de um cart√£o, ou se precisar rachar o valor com um amigo, saiba que o app n√£o d√° m√∫ltiplas op√ß√µes, e nem avisa do mesmo. Se avisasse que s√≥ √© poss√≠vel escolher uma forma no sistema, tb pouparia de desistir e pedir comida em outro lugar.|3|44|0.0.103|2020-06-08 00:47:41|0.0.103|most_relevant|habibs.alphacode.com.br|0
eab16bfb-4332-44df-9053-9b75db7bb80c|Um usu√°rio do Google|https://play-lh.googleusercontent.com/EGemoI2NTXmTsBVtJqk8jxF9rh8ApRWfsIMQSt2uE4OcpQqbFu7f7NbTK05lx80nuSijCz7sc3a277R67g|"A qualidade das esfirras e do tempo de entrega, foi excelente. Agora o App tem muito que melhorar, a navega√ß√£o est√° simples e fluindo muito bem, por√©m n√£o tem sincronia com o restaurante/entrega. Depois que eu j√° tinha comido, recebi a msg falando que o produto sairia para entrega rsrs. Outra ponto √© o valor da entrega, est√° um pouco exagerado. O que eu mais senti falta √© a op√ß√£o de ""retirar no balc√£o"", que com certeza isso faria a diferen√ßa."|3|9|0.0.34|2019-09-20 11:12:23|0.0.34|most_relevant|habibs.alphacode.com.br|0
a6341142-afa4-4060-a891-fa2b618d43f0|Bruna Farias|https://play-lh.googleusercontent.com/a-/ALV-UjW0EM4hdcYLPo8RGzcGJOmXnFVW98t0eFUaK3Paw5bZdG8|Mesmo pre√ßo do ifood, mas com programa de fidelidade! Muito boa as op√ß√µes de pontua√ß√£o, por√©m alguns itens de combo n√£o est√£o cadastrados, tipo o pastel de Bel√©m no combo 10 itens, na loja f√≠sica e ifood possui essa op√ß√£o. O app deu umas travadas quando eu clicava para voltar, mas est√° ok algumas melhorias singelas apenas precisam ser feitas.|3|5|3.8.6|2022-09-05 17:02:28|3.8.6|most_relevant|habibs.alphacode.com.br|0
e5c336f5-52a1-419c-9461-a2eec244e8cd|Natan Morais|https://play-lh.googleusercontent.com/a-/ALV-UjWOR9pFp36awKQ1Lk_uY_jQ2gEOs0RINwnQpim8iizmSGk|"As promo√ß√µes s√£o √≥timas! A qualidade da comida tbm, sempre que pe√ßo vem no hor√°rio e no tempo estimado. Mas sinceramente, que aplicativo inst√°vel, sempre cai, quando aparece um cupom de desconto, aparece a mensagem: ""produto indispon√≠vel, tente mais tarde"". Pra colocar um m√©todo de pagamento tbm, √© demorado. Gostei que atualizaram para pagar via pix."|3|390|3.9.2|2022-10-17 02:05:07|3.9.2|most_relevant|habibs.alphacode.com.br|0
27aaa743-4d83-4f4e-860f-b103a526711c|Emmanuel T. Prada|https://play-lh.googleusercontent.com/a-/ALV-UjUKaDcQWcN2uCq3xS8U6FmKI8gKMdDZbKr1cvr_uqoZk-VH|De uma tempos pra c√° o aplicativo vem funcionando, mas sempre vem se mostrando inst√°vel e com s√©rios problemas no campo de cupons. Um refinamento n√≥s c√≥digos de programa√ß√£o e melhorias nos servidores da plataforma seria perfeito. Algumas coisas tamb√©m s√£o um pouco confusas dentro do aplicativo, um repaginamento seria essencial. Mas no geral, est√° sendo √∫til.|3|195|3.8.7|2022-09-19 01:27:20|3.8.7|most_relevant|habibs.alphacode.com.br|0
78701152-e414-4641-81f7-91b7b7a8c65d|Pedro Silva Rodrigues|https://play-lh.googleusercontent.com/a-/ALV-UjV1vxqBWHukPEgQBwYhY4ze7pPPKxnZ6YvBJjZsMIIsxTs|O app √© bonito, por√©m a UX √© confusa, existem muitas op√ß√µes de combos que no geral confundem mais e geram uma experi√™ncia um pouco ca√≥tica. Outro exemplo √© a notifica√ß√£o de quanto est√° faltando para chegarmos ao frete gr√°tis. Ela √© confusa e parece que est√° falando do valor que vamos pagar, at√© ler a mensagem e entender que n√£o se trata disso, a confus√£o j√° foi feita. Um bom bench √© no app do Ifood que mostra a mesma mensagem, mas a forma √© mais intuitiva.|4|34|3.10.8|2023-11-19 17:22:06|3.10.8|most_relevant|habibs.alphacode.com.br|1
00a2b922-6daf-4fd9-8e4a-5d5c0b29a112|Ana Beatriz Cruz|https://play-lh.googleusercontent.com/a/ACg8ocKRJjw3ytPD9LjMpKOoil51KO_hJmKEEdGdxrtZPbad=mo|Gosto de comprar pelo app pois os valores s√£o mais em conta do que em outras plataformas de delivery e chega r√°pido. Entretanto, o suporte ao cliente √© p√©ssimo. Uma das vezes que pedi o pedido veio completamente errado, e simplesmente n√£o consegui resolver o problema com ningu√©m, tem uma op√ß√£o de atendente virtual mas que n√£o resolve nada e at√© passarem voc√™ pra uma pessoa de verdade demora muito, mas acho que essa falta de agilidade tamb√©m era pelo fato de est√° tarde da noite.|4|34|3.10.8|2023-11-15 22:29:58|3.10.8|most_relevant|habibs.alphacode.com.br|1
97ccd1d0-8073-4cc6-9248-f62f05a55599|Lucas Inacio|https://play-lh.googleusercontent.com/a-/ALV-UjX0k_cNd5LqtSzJbdLSiJcJbG0qD1syVcKiXbZuKQN1UVU|Formato do App √© bacana ms achei a op√ß√£o de trocar o endere√ßo muito escondida, devia ter um acesso mais direto na p√°gina principal. A forma de pagamento na entrega as vezes n√£o aparece, fica s√≥ um espa√ßo em branco e consequentemente n√£o d√° pra selecionar pra pagar na entrega pois n√£o d√° pra selecionar o m√©todo de pagamento, talvez seja um bug. O reconhecimento do pagamento por pix ainda √© um pouco lento e pode confundir o usu√°rio, mas funciona.|4|44|3.10.8|2023-11-03 16:50:14|3.10.8|most_relevant|habibs.alphacode.com.br|1
969cc1af-7d75-45eb-a8f3-2808a67d8271|Um usu√°rio do Google|https://play-lh.googleusercontent.com/EGemoI2NTXmTsBVtJqk8jxF9rh8ApRWfsIMQSt2uE4OcpQqbFu7f7NbTK05lx80nuSijCz7sc3a277R67g|"Aplicativo bom, mas quero opinar pra ajudar a evolu√ß√£o dele. (meu celular √© um galaxy S8 rodando Android 8 com o app na vers√£o mais recente) A guia ""acompanhe seu pedido"" √© est√°tica. ela nunca funcionou. N√£o muda a barrinha de carregamento nem nada. mesmo depois da entrega. E se fechar o aplicativo e abrir denovo ela some, dai n√£o da pra acompanhar o pedido de jeito nenhum. Tirando isso, s√≥ alguns outros detalhes m√≠nimos."|4|1|0.0.68|2019-11-24 21:29:01|0.0.68|most_relevant|habibs.alphacode.com.br|1
ffd7b528-65f7-41b8-a0ab-d3c9e6d0cdb1|N√≠colas Nobre|https://play-lh.googleusercontent.com/a-/ALV-UjVOWWiGuJiZxIzpNtGVBn-FEMypG89dhymdhlYIu_Dy_-4|A proposta √© √≥tima, com certeza vai vitalizar o app, afinal, √© muito mais pr√°tico que o site. Por√©m, h√° um problema grande quando a estabilidade do app, apresenta muitos bugs, trava, recarrega do nada, lento. Com certeza melhorando isso, ser√° uma √≥tima forma de fidelizar os clientes. Deveria ser poss√≠vel pedir e pagar pelo app e somente retirar no balc√£o. N√£o encontrei essa op√ß√£o, falta grave. Mas acredito que ir√£o melhorar!|4|233|3.7.11|2022-01-19 19:04:43|3.7.11|most_relevant|habibs.alphacode.com.br|1
434813fa-a72d-4d71-b17a-22a89d1f86e1|Fabio Ferreira|https://play-lh.googleusercontent.com/a-/ALV-UjWP-eUYwPgmZYdDebpenoo-ISpDcX9YFJkmdt1OsVvhH-4|P√©ssima. Estou tentando fazer um pedido e n√£o consigo cadastrar uma forma de pagamento. Lament√°vel ainda mais com aquela ajuda da tia n√£o sei do que que me fez perder um temp√£o e n√£o resolveu nada. Tem que testar primeiro antes de liberar um tro√ßo que n√£o funciona. Atualizado: tentei usar novamente e foi totalmente diferente. Tudo funcionou perfeitamente bem. Parab√©ns pela evolu√ß√£o.|5|3|3.10.6|2023-08-19 22:23:53|3.10.6|most_relevant|habibs.alphacode.com.br|1
5378cc5d-f522-4d8a-a1a8-051ad073dfdb|Thalles Rocha|https://play-lh.googleusercontent.com/a-/ALV-UjU0THSr-t_3FOSpE8rn3NUoXNxJpffboMSvEgS-FWzpeFM|O modo de retirada no balc√£o ou no estacionamento n√£o lista os restaurantes pra selecionar, fica num looping eterno e n√£o aparece nenhuma op√ß√£o. Nem usando o endere√ßo diretamen tamb√©m n√£o aparece, s√≥ d√° pra usar o delivery e pagar a taxa de R$8,90 de frete. T√™m √≥timos cupons, mas sem a op√ß√£o de retirar n√£o vale a pena. Meu GPS t√° ativo e as permiss√µes que o app solicita foram concedidas.|5|86|2.0.34|2021-07-01 23:57:14|2.0.34|most_relevant|habibs.alphacode.com.br|1
f71d648f-c848-4623-80af-176fa04136d8|Felipe Fernandes|https://play-lh.googleusercontent.com/a/ACg8ocIg8aFF2FWBLlUDCZyt6KnX37AHUQuV3IsAzoe0UnBG=mo|Edit1: Simplesmente o aplicativo n√£o funciona mais, apenas carrega e carrega.. perdi quase 300 pontos de fidelidade, compro toda semana, mas t√° horr√≠vel o app. Gosto muito do Habib's, um ponto positivo do aplicativo √© a quest√£o dos pontos de fidelidade. Um ponto negativo que acontece toda vez comigo, n√£o sei se √© s√≥ comigo, mas o aplicativo o tempo inteiro da falha de conex√£o, meu celular √© um Galaxy Note10, nunca consigo realizar o pedido de 1¬∞, mas fora isso √© o velho Habib's de sempre!!|5|2|3.9.1|2022-10-09 21:33:55|3.9.1|most_relevant|habibs.alphacode.com.br|1
f961cf01-2552-4b4c-bf11-3e828f927c96|J√©ssica|https://play-lh.googleusercontent.com/a-/ALV-UjVEwK-cLcKvLNI8PqnRimYv_vAH_y7_YSdFuZAF_5Yke3Q|Maravilhoso! Desde o primeiro pedido nunca me decepcionou. App √≥timo, pontos de troca excelentes, preparo e embalagem √≥timos, sempre chega quentinho, separado e bem organizado. Moro em Barueri, ao restaurante que faz minha entrega dou parab√©ns e muito obrigado pelo cuidado ü©∑. Entregadores r√°pidos, super educados e gentis.|5|1|3.10.9|2023-11-26 03:32:34|3.10.9|most_relevant|habibs.alphacode.com.br|1
92d63a66-9cbc-4550-a4ea-d26ee8c1dea0|Tiago Ribeiro|https://play-lh.googleusercontent.com/a-/ALV-UjU9dG4Ukas1MCKhpL0zN4ziHOz_KbmJGExiCTlI9iQwxEM|Infelizmente n√£o pude dar uma nota maior, no DF n√£o tem op√ß√£o para delivery, outra vez vcs me disponibilizaram um cupom no qual n√£o pude utilizar, a √∫nica fun√ß√£o que funciona √© a de comprar na loja. Editando novamente, eu tentei agora comprar um combo de 20 esfirras, infelizmente a op√ß√£o de incluir a forma de pagamento est√° indispon√≠vel, sei que vcs procuram sempre melhorias, mas aqui pra Taguatinga-DF est√° meio complicado, obrigado.|5|0|3.10.9|2023-11-28 22:18:04|3.10.9|most_relevant|habibs.alphacode.com.br|1
da29329a-d566-4507-a8b8-fae21c40865f|Adriano Garcia|https://play-lh.googleusercontent.com/a-/ALV-UjXduw2ovStje8Bfkgwrv5f1OblkUZo4Gq045fk-i-FmzNw|Toda vez que esse aplicativo √© atualizado ele vem mais lento e mais bugado. Mesmo em aparelhos novos e r√°pidos, carregar e rolar a tela dos cupons tem um lag enorme. Lento demais. Isso acontece h√° muito tempo e n√£o conseguem resolver de jeito nenhum. APP de compras n√£o precisa ser bonito, precisa ser r√°pido, pr√°tico e funcional. Um exemplo √© o da Amazon.|1|30||2023-10-19 16:04:22||most_relevant|burgerking.com.br.appandroid|-1
12dbf235-1812-495c-8280-237865efa8c4|Luiz Calixto Krzyzaniak da Costa|https://play-lh.googleusercontent.com/a/ACg8ocIBnxiltg8-tjcg4xP8K4pbnwqVy1p8q3RZFoPrEJYJ=mo|Antes o app era muito bom, agora est√° lento, diminui a quantidade dos cupons. E n√£o tem mais a op√ß√£o de pagar no caixa, voc√™ tem que pedir e pagar no app, s√≥ que n√£o finaliza o pagamento no cart√£o de cr√©dito, trava e n√£o vai de jeito nenhum, acabei cancelando alguns pedidos e fui comer em outro local. Por favor resolva e volte como era antes. Acho que faltou um profissional de UX a√≠ hein.|1|10||2022-12-29 13:02:03||most_relevant|burgerking.com.br.appandroid|-1
1b1e9a83-9bda-43d0-b1ed-a66e50053484|Gilvanelma Rodrigues|https://play-lh.googleusercontent.com/a-/ALV-UjWxNpVuP0Q7N76WJ2UgRUX7hpz-WsE0TOEQRQq5_wQBhpw|Novamente tive um problema com o app. Ontem comprei dois combos que somavam juntos 43,80. Na hora que fui finalizar a compra pelo App, o total deu exatamente isso, mas fui cobrada no meu cart√£o em 71,60 e depois esse valor tbm apareceu no App. Fui na loja retirar o pedido e falei com o atendente sobre o ocorrido e ele me ofereceu trocar a diferen√ßa em algum produto para diminuir o meu preju√≠zo e, por fim, aceitei. Mas, ainda assim, √© complicado pedir algo e ser cobrada indevidamente :/|1|40|3.3.15|2021-03-05 23:57:20|3.3.15|most_relevant|burgerking.com.br.appandroid|-1
d36b6317-0725-4a94-a754-f6a263113cc7|Wagner Super.Pikachu / Pikachu_B|https://play-lh.googleusercontent.com/a/ACg8ocKJP7PAkMSgwAnGRdL1DXNEzOh8qtgxSzx2WPEIif4Q=mo|Simplesmente n√£o entra. Digito email, digito a senha de confirma√ß√£o e o app volta para a tela inicial pedindo email ou celular. N√£o sai mais dessa tela. Isto acontece a mais de 2 meses e n√£o resolvem o problema. A concorr√™ncia est√° nadando de bra√ßada, pois muitos est√£o utilizando o app deles, que funciona. Depois deste tempo todo sem solu√ß√£o, parece que n√£o tem ningu√©m olhando o problema do app, devem ter desistido por incompet√™ncia ou desinteresse nos clientes.|1|2||2022-12-11 16:20:03||most_relevant|burgerking.com.br.appandroid|-1
7bb46742-5b94-4062-9595-43118fa4bb5b|Danielly Morais|https://play-lh.googleusercontent.com/a-/ALV-UjWkCDoEi-3Y_XxZLXTR-1Wmx-mmLu7P4e0Yg7Eqp6AhgRg|"P√©ssimo. A a√ß√£o Ficar em casa √© fogo n√£o funciona! Minha contagem zerou algumas vezes, mas voltou, s√≥ que agora n√£o volta mais. Cumpri todos os requisitos, j√° tentei comunicar por diversas plataformas, sem sucesso. A empresa n√£o d√° suporte algum! Atualizei o app agora pouco na esperan√ßa de solucionar o problema, mas quando cliquei aparece ""sem conex√£o"" quando √© √≥bvio que est√° conectado."|1|256|2.18.8|2020-06-26 22:17:34|2.18.8|most_relevant|burgerking.com.br.appandroid|-1
0500d434-2676-462a-adc1-256c400e833f|Ellen Carolina|https://play-lh.googleusercontent.com/a-/ALV-UjV-uqDaTkcfLiHj2V2g8bo4eo8PVHiNDzdTXTKqoZuOsQ|Na primeira compra foi ok. Mas as pr√≥ximas compras tentei realizar compra usando cart√£o de cr√©dito e n√£o foi poss√≠vel. Alguns c√≥digos de cupons n√£o funcionam (n√£o permite compra) ou quando libera, libera lanche errado. √â confuso. N√£o tem op√ß√£o de editar forma de pagamento. Forma de entrega ou retirada n√£o √© facilmente visualizado. Enfim promete descontos interessantes, mas na hora de utilizar esses descontos no app, fica a desejar.|2|155|3.11.24|2022-11-29 09:50:51|3.11.24|most_relevant|burgerking.com.br.appandroid|-1
090a7a46-9d3c-4750-b4fd-5c53db5552eb|F√°bio Oliveira|https://play-lh.googleusercontent.com/a/ACg8ocKBWk3WC6Pa38UBrHG3EhjS8BaBKf5sWygHIb9LwI7S=mo|Utilizo o app, mas em alguns momentos n√£o funciona. Fui a um restaurante da rede, sentamos numa das mesas e resolvi fazer o pedido pelo app. Est√°vamos em 5 pessoas, portanto o stress √© ainda maior pois depois de todos chegarem no consenso, o app deu erro 3 vezes na confirma√ß√£o do pagamento (tentei pix, carteira digital, cart√£o). Repeti o processo no totem do restaurante, utilizando cupom e tamb√©m dava erro. No final, perdi 30 min s√≥ tentando fazer o pedido. Experi√™ncia amarga!|2|5|3.5.2|2021-09-21 01:30:34|3.5.2|most_relevant|burgerking.com.br.appandroid|-1
27bbfc23-906b-4454-8acd-e3ad94dd7688|Um usu√°rio do Google|https://play-lh.googleusercontent.com/EGemoI2NTXmTsBVtJqk8jxF9rh8ApRWfsIMQSt2uE4OcpQqbFu7f7NbTK05lx80nuSijCz7sc3a277R67g|o aplicativo gasta muito espa√ßo pras poucas funcionalidades que oferece. trava muito, os cupons n√£o carregam direito e frequentemente n√£o consigo usar o app porque ele simplesmente para de funcionar e cai. outra coisa que a franquia precisa melhorar √© em rela√ß√£o √† falta de produtos. a coisa mais comum √© ir em algum bk e n√£o ter o vegetariano (que √© o √∫nico sandu√≠che da rede que como). deveriam criar outra op√ß√£o vegetariana (uma s√≥ √© pouco) e cuidar dos estoques, porque olha...|2|0|2.8.3|2019-06-08 21:10:05|2.8.3|most_relevant|burgerking.com.br.appandroid|-1
13e9dc6f-5edd-4405-bbec-2ecbc405da39|Um usu√°rio do Google|https://play-lh.googleusercontent.com/EGemoI2NTXmTsBVtJqk8jxF9rh8ApRWfsIMQSt2uE4OcpQqbFu7f7NbTK05lx80nuSijCz7sc3a277R67g|BK Express simplesmente n√£o funciona. Escolho meu pedido e, no momento do pagamento, o mesmo n√£o √© aprovado e o pedido √© cancelado. J√° tentei cadastrar v√°rios cart√µes diferentes (e que n√£o possuem nenhum problema em qualquer outro estabelecimento) e sempre ocorre um erro no aplicativo. Bastante decepcionado com o servi√ßo, que por possuir esses erros, acabando me fazendo optar pela concorr√™ncia.|2|239|2.14.1|2019-10-27 13:02:18|2.14.1|most_relevant|burgerking.com.br.appandroid|-1
bf71e63e-131e-48ea-9515-6e17f87073ba|Lucas Etzeo|https://play-lh.googleusercontent.com/a-/ALV-UjVE1bUpchKex1jzA56rJ3Ox-lslFKG9CRUevHLmTztfpGw|O aplicativo tem uma mec√¢nica ideal para o adquirir os produtos. Mas n√£o consigo abrir a aba de cupons pois o app trava quando fa√ßo isso. Isso √© frustrante e me chateia, pois gosto muito dos produtos burguer king; e assim mesmo, o uso dos cupons disponibilizados ficam inalcan√ß√°veis... Por favor, pe√ßo que solucionem esse problema com prioridade. Reconhe√ßo que n√£o sou o √∫nico que est√° enfrentando isso, e quero muito poder aproveitar os benef√≠cios e os produtos da franquia pelo app.|2|7||2021-11-01 21:46:32||most_relevant|burgerking.com.br.appandroid|-1
e6e12492-e592-42f1-bba2-9bbf20051f4d|Gustavo Neves (GUSTS.TIMAS)|https://play-lh.googleusercontent.com/a-/ALV-UjUoxeDLs5fxb_Yfx6dPOHXPgqqOcCdJFBroa8yD-ylIN4w|Por enquanto ser√° 3 at√© que corrija um bug Fiz meu primeiro pedido pelo app, ao clicar no pedido ele entra em detalhes e fecha o app informando um bug. O mesmo se repete infinitas vezes, j√° tentei desinstalar e instalar novamente. Estando na loja fui informado que ainda n√£o tinha entrado no sistema mas que a loja estava correto e meu pagamento tinha sido efetuado na conta.|3|71|4.0.11|2023-10-28 17:07:18|4.0.11|most_relevant|burgerking.com.br.appandroid|0
05f36b8d-743f-4ebb-8545-001b66c6a105|Nathalia Reis Bersano|https://play-lh.googleusercontent.com/a-/ALV-UjXS5lB8zILfBMxYqLx79uAACPuEiOfNvcJ45PEkzCTSiBU|Estou achando estranho, que quando baixo o app do Burger King, aparecem 2 aplicativos. Um desta cor (NORMAL) e o outro preto e branco. O que seria isso? Fiquei preocupada em entrar no APP.|3|2|4.1.5|2023-11-18 04:10:49|4.1.5|most_relevant|burgerking.com.br.appandroid|0
a9af0182-0d53-4bb9-8505-8884cd2cd584|ANDR√â RODRIGUES LUIZ|https://play-lh.googleusercontent.com/a-/ALV-UjUnaOnZz9pWxxIB_lduGaogz_Yvw-6wkF68BFh7500nQFfG|Aplicativo apresenta inconsist√™ncia com frequ√™ncia. N√£o permite acessar os cupons, informa erro.|3|1|4.0.11|2023-10-22 17:21:55|4.0.11|most_relevant|burgerking.com.br.appandroid|0
8de7e0da-9ff6-42f4-8f11-7a1c02d05310|Karla Beatriz Cresc√™ncio Martins (karlabcmartins)|https://play-lh.googleusercontent.com/a-/ALV-UjX2iepuZv7E-cbeS680mfx6AGiSTGj3Iore4-vh5wta8WHF|Cupons bons, design legal e app intuitivo, mas SEMPRE tem que colocar o login de novo, conferir telefone e CPF, e pra completar semana passada tentei resgatar um pr√™mio com o Clube BK e perdi +350 pontos porque deu erro, n√£o apareceu o c√≥digo de retirada, mas consta no app que resgatei o combo. Muito inconveniente isso.|3|43|3.17.1|2023-08-12 19:35:39|3.17.1|most_relevant|burgerking.com.br.appandroid|0
2f19b6db-0261-4c9e-af6e-a601a054da07|Juliano R|https://play-lh.googleusercontent.com/a-/ALV-UjWfpAdemvEKxnxrkzwFaL9G_hUUYKx7URbD1-QXv6vlaKY|Aplicativo otimo para descontos e delivery antecipado, por√©m atualiza sem autoriza√ß√£o do usu√°rio.|3|0|4.1.5|2023-11-13 08:46:50|4.1.5|most_relevant|burgerking.com.br.appandroid|0
a7b5770a-636f-42c7-b1bd-27811a621a76|Madu Almeida|https://play-lh.googleusercontent.com/a-/ALV-UjVp4_urJarBon707FWLh9P8XuQnc_IjJyK-SFiBZjdHaSU|"Me decepcionei, j√° eram 22:00 eu e minha m√£e com fome,tinha colocado os lanches desejados no carrinho de compras, coloquei forma de pagamento,a√≠ fui confirmar o app deu erro e parou de funcionar,e quando fui ver j√° era ""tarde demais"" o app n√£o deixou eu colocar novamente,tava muito lento, deu uma raiva... Ficamos sem comer BK por causa desse app ""ABEN√áOADO""."|3|7|3.18.4|2023-09-03 01:39:20|3.18.4|most_relevant|burgerking.com.br.appandroid|0
f911f5d2-74a4-4f88-bb02-7260140e99ce|Vilevaldo Silva|https://play-lh.googleusercontent.com/a/ACg8ocJK3rJQhDL86DvupTZNkvS0mNubeBKVpHZAOc7Wosld=mo|poucas op√ß√µes de cupom, dificuldade de fazer o acesso e pouca explica√ß√£o na utiliza√ß√£o|3|0|4.0.11|2023-11-06 00:14:39|4.0.11|most_relevant|burgerking.com.br.appandroid|0
4dee8f80-4688-42de-8b4a-6c568d3a9852|Augusto Manzano|https://play-lh.googleusercontent.com/a-/ALV-UjXF70IOt-hLoQIlpvcfSkHlxEVcK-scS8jFmdaeboD_t3o|Aplicativo razo√°vel. Quando se faz o pedido com o QR, ter que selecionar v√°rias vezes o QR √© muito chato. Melhorem isso. Chegar no caixa, apresentar o QR e dizer a quantidade de pedidos seria muito mais r√°pido. Ningu√©m pensou nisso?|3|4|3.18.5|2023-09-24 00:16:07|3.18.5|most_relevant|burgerking.com.br.appandroid|0
6fc4a785-9c96-494e-bd8c-b3375fbd09c0|Wendell Silva|https://play-lh.googleusercontent.com/a-/ALV-UjXsfVguuvCQAwD09EiNNXfLYSt0fopTNSZbvAhgm5p0RQU|APP ultimamente tem deixado a desejar, direto eu entro para comprar pelo APP as fotos do lanche n√£o aparecem s√≥ os pre√ßos!!!|3|0|3.18.5|2023-10-07 23:55:20|3.18.5|most_relevant|burgerking.com.br.appandroid|0
e93ccd26-8ca2-4681-a40a-8ee69e3c836e|Poliana Lima Carreiro|https://play-lh.googleusercontent.com/a/ACg8ocI6_HLtXZ4EIU1_mD6RJiFiUmKBLtomY9kOhYW_6jFy=mo|P√©ssimo m√©todo de Login, mas pelo menos d√° um √≥timo desconto.|3|0|4.0.11|2023-10-25 16:38:41|4.0.11|most_relevant|burgerking.com.br.appandroid|0
f92106bc-c755-4935-a4e1-32f3c2aab1da|Ma√≠ra Brasil|https://play-lh.googleusercontent.com/a-/ALV-UjVavVs907E4Sz_ydvnqx77EsVbxOatyO98r9wjrcKqDNwbF|Confesso que s√≥ uso o app pra pedir sem perder o lugar na pra√ßa de alimenta√ß√£o. Tenho ele a mais de 3 anos no celular, e de primeira ele n√£o entrava de jeito nenhum, mas depois de umas atualiza√ß√µes voltou ai normal. A quest√£o dos pontos s√£o quase que in√∫teis, pq tu acaba n√£o ganhando nada, apenas paga o lanche que for consumir e ganha pontos, que tu vai ter que usar os pontos e mais o valor do lanche igual das lojas. Enfim, e isso.|4|51|3.18.5|2023-10-04 15:18:17|3.18.5|most_relevant|burgerking.com.br.appandroid|1
4f649212-3ef1-4c87-bee2-08e05ce62808|Anderson Assun√ß√£o|https://play-lh.googleusercontent.com/a/ACg8ocJnFNabu0VGU1VMwZQSuu44eG1RfigXV-Ez-VgA0twn=mo|App estar muito ruim, no celular Motorola Edge 30 fusion, o segundo melhor da fabricante, o app agora n√£o abre mais, fica fechando direto, corrigam isso, n√£o tem como usar desse jeito...|4|2|4.0.11|2023-11-04 18:30:44|4.0.11|most_relevant|burgerking.com.br.appandroid|1
904ab541-07f8-418f-bd00-1feec367dae0|Suellen Souza Brito dos Santos|https://play-lh.googleusercontent.com/a/ACg8ocJ3Ne2IgtOEHTm6378F5yTMUxTCYGxB5vPxMPG_MrhE=mo|Hoje √© dia 02/08/2023 e at√© esse exato momento o app est√° √≥timo. Estou amando, √© f√°cil de usar e tem um design lindo. Os cupons de desconto s√£o √≥timos, com pre√ßos acess√≠veis. E o melhor de tudo √© poder trocar os pontos por recompensas... √â incr√≠vel! Ainda mais, quando o lanche √© de fato bom, com comida de qualidade e com os pre√ßos bacana. S√≥ elogios. ESTOU DE FATO, AMANDO O APP!!! ‚ù§Ô∏è|4|74|3.17.0|2023-08-03 02:25:30|3.17.0|most_relevant|burgerking.com.br.appandroid|1
33ec2052-cd80-4366-b9e4-fc4be6e33e02|Mari Mantovani|https://play-lh.googleusercontent.com/a-/ALV-UjV1BFtQn31Vmk7d5pFbCNRtqoY_lL-LvHhxVN7xGoX7MGn-|Num geral, funciona muito bem. S√≥ a valida√ß√£o do c√≥d por email que o app encerra qdo vamos at√© o email. Ao voltar para o app, temos que pedir um novo. Um looping! Haha. Por favor, permitam que o app n√£o encerre a sess√£o.|4|17|3.17.0|2023-07-30 22:04:46|3.17.0|most_relevant|burgerking.com.br.appandroid|1
dd4222f7-2a9f-4aef-ab27-fd99f3f15810|Isabel Cristina|https://play-lh.googleusercontent.com/a-/ALV-UjWeVF2kNH1Pu1AUD697U0YYWW2TLlfQV69OaS49bQRFURM|Gostei muito do App do Burger King, tem muitos produtos legais e baratos, muito legal poder acumular pontos, ainda n√£o usei o app para comprar, mas ele parece funcionar bem.|4|1|3.18.5|2023-10-28 06:22:53|3.18.5|most_relevant|burgerking.com.br.appandroid|1
31665bd2-033e-4acf-8f77-5022aaf2970f|Um usu√°rio do Google|https://play-lh.googleusercontent.com/EGemoI2NTXmTsBVtJqk8jxF9rh8ApRWfsIMQSt2uE4OcpQqbFu7f7NbTK05lx80nuSijCz7sc3a277R67g|Melhor aplicativo de Fastfood. O aplicativo traz v√°rios cupons de desconto com pre√ßos em conta em compara√ß√£o com a concorr√™ncia, al√©m disso det√©m de todas as informa√ß√µes que usu√°rio necessita. Em rela√ß√£o aos hamb√∫rgueres s√£o saborosos. Alguns podem avaliar bem o free refil do refrigerante, por√©m era para ser oferecido a op√ß√£o de suco que n√£o seja apenas uma caixinha.|5|548|2.8.4|2019-02-26 01:42:10|2.8.4|most_relevant|burgerking.com.br.appandroid|1
3a69d5f0-fe60-4231-873e-41f923ea8f14|Um usu√°rio do Google|https://play-lh.googleusercontent.com/EGemoI2NTXmTsBVtJqk8jxF9rh8ApRWfsIMQSt2uE4OcpQqbFu7f7NbTK05lx80nuSijCz7sc3a277R67g|muito bem feito. A sua maior funcionalidade, na minha opini√£o poder pedir sem enfrentar fila, √© muito detalhista e de f√°cil manuseio. te d√° todas as op√ß√µes que um atendente te daria. poderiam mudar apenas alguns coisinhas: -poderiam ampliar a rede de entrega a domic√≠lio. -poderiam incluir a op√ß√£o d√©bito e cart√£o alimenta√ß√£o. -melhora das promo√ß√µes e variedades. mas o aplicativo em si √© muito satisfat√≥rio.|5|632|2.8.7|2019-04-12 21:06:25|2.8.7|most_relevant|burgerking.com.br.appandroid|1
c10aa23d-73ee-4f2b-9e07-04474657d22c|Kyara Pereira|https://play-lh.googleusercontent.com/a/ACg8ocK9nQBdduF7XGCgTw12QFyGMB6yt1Wq70Ky3yLt6kjZ=mo|"Esse aplicativo √© mtt bomm.. al√©m de ter v√°rios cupons de diferentes op√ß√µes, quando ""vc"" vai comprando ele vai acumulando pontos, q te d√£o uma recompensa, como casquinha de gra√ßa, alguns lanches dando um acr√©scimo pequeno de dinheiro e mtss outras coisas, quanto mais ponto melhor a recompensa. Tamb√©m d√° pra pedir pra viagem e s√≥ ir retirar no bk mais pr√≥ximo."|5|0|4.1.4|2023-11-10 19:53:34|4.1.4|most_relevant|burgerking.com.br.appandroid|1
a015eaa2-13dd-4768-969f-60a19fb70cf7|Lizzy Degobe Villegas|https://play-lh.googleusercontent.com/a-/ALV-UjXwba8KkQIne3Pbz0iMMPdfWtRue6uvGqt3tn4_aYPKaMuW|Tudo de bom usar esse App! Os descontos s√£o √≥timos e ainda acumulo pontos, que posso usar para comprar mais delicias!!! E eu j√° usei v√°rias vezes! Gosto demais!!!|5|0|4.1.8|2023-11-29 21:06:56|4.1.8|most_relevant|burgerking.com.br.appandroid|1
267d9513-bc3e-4797-957a-36fff47aca8b|Pedro Santos da Silva|https://play-lh.googleusercontent.com/a-/ALV-UjX7pwWSazvOb9AMsNl79t6RXSEZtgvGnXpcRu6a6wgj7oY|O MELHOR APP DE FAST FOOD DO MUNDO!!! Ele disponibiliza v√°rias promo√ß√µes... Contando com pontos que pode ser utilizado para comprar Casquinha, Casquinha Recheada , Hamb√∫rguer desde a Big king √† Whooper. √â O MELHOR APP!|5|0|4.1.5|2023-11-15 21:36:01|4.1.5|most_relevant|burgerking.com.br.appandroid|1
